﻿[
    {
        "Year": 2016,
        "Week": 47,
        "RiverSystem": "松花江流域",
        "PointName": "长春松花江村",
        "RiverName": "松花江",
        "SectionCondition": "",
        "PH": 7.56,
        "DO": 7.56,
        "CODMn": 7.56,
        "NH3N": 7.56,
        "WaterQualityCurrent": "Ⅲ",
        "WaterQualityLast": "Ⅲ",
        "MainPollutionIndex": "--",
        "Longitude": 125.9230177,
        "Latitude": 44.76012486,
        "PublishTime": "2016/11/23 0:00:00"
    },
    {
        "Year": 2016,
        "Week": 47,
        "RiverSystem": "松花江流域",
        "PointName": "松原松林",
        "RiverName": "松花江",
        "SectionCondition": "吉0黑省界",
        "PH": 7.79,
        "DO": 7.79,
        "CODMn": 7.79,
        "NH3N": 7.79,
        "WaterQualityCurrent": "Ⅱ",
        "WaterQualityLast": "Ⅱ",
        "MainPollutionIndex": "--",
        "Longitude": 124.7405558,
        "Latitude": 45.36750263,
        "PublishTime": "2016/11/23 0:00:00"
    },
    {
        "Year": 2016,
        "Week": 47,
        "RiverSystem": "松花江流域",
        "PointName": "肇源",
        "RiverName": "松花江",
        "SectionCondition": "",
        "PH": 7.56,
        "DO": 7.56,
        "CODMn": 7.56,
        "NH3N": 7.56,
        "WaterQualityCurrent": "Ⅱ",
        "WaterQualityLast": "Ⅱ",
        "MainPollutionIndex": "--",
        "Longitude": 125.0779381,
        "Latitude": 45.51826626,
        "PublishTime": "2016/11/23 0:00:00"
    },
    {
        "Year": 2016,
        "Week": 47,
        "RiverSystem": "松花江流域",
        "PointName": "佳木斯江心岛",
        "RiverName": "松花江",
        "SectionCondition": "",
        "PH": 8.67,
        "DO": 8.67,
        "CODMn": 8.67,
        "NH3N": 8.67,
        "WaterQualityCurrent": "Ⅳ",
        "WaterQualityLast": "Ⅳ",
        "MainPollutionIndex": "高锰酸盐指数",
        "Longitude": 0,
        "Latitude": 0,
        "PublishTime": "2016/11/23 0:00:00"
    },
    {
        "Year": 2016,
        "Week": 47,
        "RiverSystem": "松花江流域",
        "PointName": "同江",
        "RiverName": "松花江",
        "SectionCondition": "入黑龙江前",
        "PH": 6.62,
        "DO": 6.62,
        "CODMn": 6.62,
        "NH3N": 6.62,
        "WaterQualityCurrent": "Ⅲ",
        "WaterQualityLast": "Ⅲ",
        "MainPollutionIndex": "--",
        "Longitude": 132.5109966,
        "Latitude": 47.64229027,
        "PublishTime": "2016/11/23 0:00:00"
    },
    {
        "Year": 2016,
        "Week": 47,
        "RiverSystem": "松花江流域",
        "PointName": "长春南楼",
        "RiverName": "饮马河",
        "SectionCondition": "入松花江前",
        "PH": 7.85,
        "DO": 7.85,
        "CODMn": 7.85,
        "NH3N": 7.85,
        "WaterQualityCurrent": "劣Ⅴ",
        "WaterQualityLast": "劣Ⅴ",
        "MainPollutionIndex": "氨氮，高锰酸盐指数",
        "Longitude": 0,
        "Latitude": 0,
        "PublishTime": "2016/11/23 0:00:00"
    },
    {
        "Year": 2016,
        "Week": 47,
        "RiverSystem": "松花江流域",
        "PointName": "白城白沙滩",
        "RiverName": "嫩江",
        "SectionCondition": "入松花江前",
        "PH": 7.26,
        "DO": 7.26,
        "CODMn": 7.26,
        "NH3N": 7.26,
        "WaterQualityCurrent": "Ⅲ",
        "WaterQualityLast": "Ⅲ",
        "MainPollutionIndex": "--",
        "Longitude": 122.8387591,
        "Latitude": 45.6194806,
        "PublishTime": "2016/11/23 0:00:00"
    },
    {
        "Year": 2016,
        "Week": 47,
        "RiverSystem": "松花江流域",
        "PointName": "哈尔滨铁路桥",
        "RiverName": "呼兰河",
        "SectionCondition": "",
        "PH": 6.82,
        "DO": 6.82,
        "CODMn": 6.82,
        "NH3N": 6.82,
        "WaterQualityCurrent": "Ⅳ",
        "WaterQualityLast": "Ⅲ",
        "MainPollutionIndex": "溶解氧",
        "Longitude": 126.6227998,
        "Latitude": 45.78981418,
        "PublishTime": "2016/11/23 0:00:00"
    },
    {
        "Year": 2016,
        "Week": 47,
        "RiverSystem": "松花江流域",
        "PointName": "吉林敦化新甸",
        "RiverName": "牡丹江",
        "SectionCondition": "吉0黑省界",
        "PH": 7.43,
        "DO": 7.43,
        "CODMn": 7.43,
        "NH3N": 7.43,
        "WaterQualityCurrent": "Ⅱ",
        "WaterQualityLast": "Ⅱ",
        "MainPollutionIndex": "--",
        "Longitude": 128.6943644,
        "Latitude": 43.73796974,
        "PublishTime": "2016/11/23 0:00:00"
    },
    {
        "Year": 2016,
        "Week": 47,
        "RiverSystem": "松花江流域",
        "PointName": "依兰牡丹江口",
        "RiverName": "牡丹江",
        "SectionCondition": "入松花江前",
        "PH": 8.32,
        "DO": 8.32,
        "CODMn": 8.32,
        "NH3N": 8.32,
        "WaterQualityCurrent": "Ⅱ",
        "WaterQualityLast": "Ⅱ",
        "MainPollutionIndex": "--",
        "Longitude": 129.5648087,
        "Latitude": 46.31295122,
        "PublishTime": "2016/11/23 0:00:00"
    },
    {
        "Year": 2016,
        "Week": 47,
        "RiverSystem": "松花江流域",
        "PointName": "呼伦贝尔黑山头",
        "RiverName": "额尔古纳河",
        "SectionCondition": "中、俄界河",
        "PH": -1,
        "DO": -1,
        "CODMn": -1,
        "NH3N": -1,
        "WaterQualityCurrent": "★",
        "WaterQualityLast": "★",
        "MainPollutionIndex": "--",
        "Longitude": 122.7510667,
        "Latitude": 47.92434499,
        "PublishTime": "2016/11/23 0:00:00"
    },
    {
        "Year": 2016,
        "Week": 47,
        "RiverSystem": "松花江流域",
        "PointName": "漠河北极村",
        "RiverName": "黑龙江",
        "SectionCondition": "中、俄界河",
        "PH": -1,
        "DO": -1,
        "CODMn": -1,
        "NH3N": -1,
        "WaterQualityCurrent": "★",
        "WaterQualityLast": "★",
        "MainPollutionIndex": "--",
        "Longitude": 122.366126,
        "Latitude": 53.487363,
        "PublishTime": "2016/11/23 0:00:00"
    },
    {
        "Year": 2016,
        "Week": 47,
        "RiverSystem": "松花江流域",
        "PointName": "大兴安岭呼玛",
        "RiverName": "黑龙江",
        "SectionCondition": "中、俄界河",
        "PH": 7.15,
        "DO": 7.15,
        "CODMn": 7.15,
        "NH3N": 7.15,
        "WaterQualityCurrent": "Ⅲ",
        "WaterQualityLast": "Ⅲ",
        "MainPollutionIndex": "--",
        "Longitude": 122.7667238,
        "Latitude": 52.22265538,
        "PublishTime": "2016/11/23 0:00:00"
    },
    {
        "Year": 2016,
        "Week": 47,
        "RiverSystem": "松花江流域",
        "PointName": "黑河",
        "RiverName": "黑龙江",
        "SectionCondition": "中、俄界河",
        "PH": 7.16,
        "DO": 7.16,
        "CODMn": 7.16,
        "NH3N": 7.16,
        "WaterQualityCurrent": "Ⅳ",
        "WaterQualityLast": "Ⅴ",
        "MainPollutionIndex": "高锰酸盐指数，溶解氧",
        "Longitude": 127.5397894,
        "Latitude": 50.24926568,
        "PublishTime": "2016/11/23 0:00:00"
    },
    {
        "Year": 2016,
        "Week": 47,
        "RiverSystem": "松花江流域",
        "PointName": "伊春嘉荫",
        "RiverName": "黑龙江",
        "SectionCondition": "中、俄界河",
        "PH": 7.16,
        "DO": 7.16,
        "CODMn": 7.16,
        "NH3N": 7.16,
        "WaterQualityCurrent": "Ⅲ",
        "WaterQualityLast": "Ⅲ",
        "MainPollutionIndex": "--",
        "Longitude": 130.4031228,
        "Latitude": 48.88932325,
        "PublishTime": "2016/11/23 0:00:00"
    },
    {
        "Year": 2016,
        "Week": 47,
        "RiverSystem": "松花江流域",
        "PointName": "抚远",
        "RiverName": "黑龙江",
        "SectionCondition": "中、俄界河",
        "PH": 7.63,
        "DO": 7.63,
        "CODMn": 7.63,
        "NH3N": 7.63,
        "WaterQualityCurrent": "Ⅲ",
        "WaterQualityLast": "Ⅳ",
        "MainPollutionIndex": "--",
        "Longitude": 134.3079283,
        "Latitude": 48.36484336,
        "PublishTime": "2016/11/23 0:00:00"
    },
    {
        "Year": 2016,
        "Week": 47,
        "RiverSystem": "松花江流域",
        "PointName": "呼伦贝尔大铁桥",
        "RiverName": "根河",
        "SectionCondition": "入额尔古纳河前",
        "PH": 7.7,
        "DO": 7.7,
        "CODMn": 7.7,
        "NH3N": 7.7,
        "WaterQualityCurrent": "Ⅱ",
        "WaterQualityLast": "Ⅱ",
        "MainPollutionIndex": "--",
        "Longitude": 0,
        "Latitude": 0,
        "PublishTime": "2016/11/23 0:00:00"
    },
    {
        "Year": 2016,
        "Week": 47,
        "RiverSystem": "松花江流域",
        "PointName": "呼伦贝尔嵯岗",
        "RiverName": "海拉尔河",
        "SectionCondition": "入额尔古纳河前",
        "PH": 7.58,
        "DO": 7.58,
        "CODMn": 7.58,
        "NH3N": 7.58,
        "WaterQualityCurrent": "Ⅱ",
        "WaterQualityLast": "Ⅱ",
        "MainPollutionIndex": "--",
        "Longitude": 118.1078169,
        "Latitude": 49.26149249,
        "PublishTime": "2016/11/23 0:00:00"
    },
    {
        "Year": 2016,
        "Week": 47,
        "RiverSystem": "松花江流域",
        "PointName": "虎林虎头",
        "RiverName": "乌苏里江",
        "SectionCondition": "中、俄界河",
        "PH": 7.49,
        "DO": 7.49,
        "CODMn": 7.49,
        "NH3N": 7.49,
        "WaterQualityCurrent": "Ⅱ",
        "WaterQualityLast": "Ⅱ",
        "MainPollutionIndex": "--",
        "Longitude": 133.668595,
        "Latitude": 45.98496,
        "PublishTime": "2016/11/23 0:00:00"
    },
    {
        "Year": 2016,
        "Week": 47,
        "RiverSystem": "松花江流域",
        "PointName": "抚远乌苏镇",
        "RiverName": "乌苏里江",
        "SectionCondition": "中、俄界河",
        "PH": 6.72,
        "DO": 6.72,
        "CODMn": 6.72,
        "NH3N": 6.72,
        "WaterQualityCurrent": "Ⅳ",
        "WaterQualityLast": "Ⅳ",
        "MainPollutionIndex": "高锰酸盐指数",
        "Longitude": 134.6813521,
        "Latitude": 48.26156723,
        "PublishTime": "2016/11/23 0:00:00"
    },
    {
        "Year": 2016,
        "Week": 47,
        "RiverSystem": "松花江流域",
        "PointName": "鸡西知一桥",
        "RiverName": "穆棱河",
        "SectionCondition": "入乌苏里江前",
        "PH": 7.83,
        "DO": 7.83,
        "CODMn": 7.83,
        "NH3N": 7.83,
        "WaterQualityCurrent": "Ⅲ",
        "WaterQualityLast": "Ⅲ",
        "MainPollutionIndex": "--",
        "Longitude": 0,
        "Latitude": 0,
        "PublishTime": "2016/11/23 0:00:00"
    },
    {
        "Year": 2016,
        "Week": 47,
        "RiverSystem": "松花江流域",
        "PointName": "延边南坪",
        "RiverName": "图们江",
        "SectionCondition": "中、朝界河",
        "PH": 7.51,
        "DO": 7.51,
        "CODMn": 7.51,
        "NH3N": 7.51,
        "WaterQualityCurrent": "Ⅲ",
        "WaterQualityLast": "Ⅲ",
        "MainPollutionIndex": "--",
        "Longitude": 129.212963,
        "Latitude": 42.26565387,
        "PublishTime": "2016/11/23 0:00:00"
    },
    {
        "Year": 2016,
        "Week": 47,
        "RiverSystem": "松花江流域",
        "PointName": "延边圈河",
        "RiverName": "图们江",
        "SectionCondition": "中、朝界河",
        "PH": 7.63,
        "DO": 7.63,
        "CODMn": 7.63,
        "NH3N": 7.63,
        "WaterQualityCurrent": "Ⅲ",
        "WaterQualityLast": "Ⅲ",
        "MainPollutionIndex": "--",
        "Longitude": 130.558446,
        "Latitude": 42.585413,
        "PublishTime": "2016/11/23 0:00:00"
    },
    {
        "Year": 2016,
        "Week": 47,
        "RiverSystem": "辽河流域",
        "PointName": "铁岭朱尔山",
        "RiverName": "辽河",
        "SectionCondition": "",
        "PH": 7.65,
        "DO": 7.65,
        "CODMn": 7.65,
        "NH3N": 7.65,
        "WaterQualityCurrent": "Ⅲ",
        "WaterQualityLast": "Ⅲ",
        "MainPollutionIndex": "--",
        "Longitude": 123.5605823,
        "Latitude": 42.20542329,
        "PublishTime": "2016/11/23 0:00:00"
    },
    {
        "Year": 2016,
        "Week": 47,
        "RiverSystem": "辽河流域",
        "PointName": "盘锦兴安",
        "RiverName": "辽河",
        "SectionCondition": "入海口",
        "PH": 7.86,
        "DO": 7.86,
        "CODMn": 7.86,
        "NH3N": 7.86,
        "WaterQualityCurrent": "Ⅲ",
        "WaterQualityLast": "Ⅲ",
        "MainPollutionIndex": "--",
        "Longitude": 130.2392029,
        "Latitude": 47.25299906,
        "PublishTime": "2016/11/23 0:00:00"
    },
    {
        "Year": 2016,
        "Week": 47,
        "RiverSystem": "辽河流域",
        "PointName": "营口辽河公园",
        "RiverName": "大辽河",
        "SectionCondition": "入海口",
        "PH": 7.98,
        "DO": 7.98,
        "CODMn": 7.98,
        "NH3N": 7.98,
        "WaterQualityCurrent": "Ⅴ",
        "WaterQualityLast": "Ⅴ",
        "MainPollutionIndex": "氨氮，高锰酸盐指数",
        "Longitude": 122.2444197,
        "Latitude": 40.68074639,
        "PublishTime": "2016/11/23 0:00:00"
    },
    {
        "Year": 2016,
        "Week": 47,
        "RiverSystem": "辽河流域",
        "PointName": "抚顺大伙房水库",
        "RiverName": "大辽河",
        "SectionCondition": "库体",
        "PH": 7.59,
        "DO": 7.59,
        "CODMn": 7.59,
        "NH3N": 7.59,
        "WaterQualityCurrent": "Ⅱ",
        "WaterQualityLast": "Ⅱ",
        "MainPollutionIndex": "--",
        "Longitude": 124.1959567,
        "Latitude": 41.8887997,
        "PublishTime": "2016/11/23 0:00:00"
    },
    {
        "Year": 2016,
        "Week": 47,
        "RiverSystem": "辽河流域",
        "PointName": "辽阳汤河水库",
        "RiverName": "大辽河",
        "SectionCondition": "库体",
        "PH": 7.71,
        "DO": 7.71,
        "CODMn": 7.71,
        "NH3N": 7.71,
        "WaterQualityCurrent": "Ⅰ",
        "WaterQualityLast": "Ⅰ",
        "MainPollutionIndex": "--",
        "Longitude": 123.3623935,
        "Latitude": 41.1134828,
        "PublishTime": "2016/11/23 0:00:00"
    },
    {
        "Year": 2016,
        "Week": 47,
        "RiverSystem": "辽河流域",
        "PointName": "白山绿江村",
        "RiverName": "鸭绿江",
        "SectionCondition": "中、朝界河",
        "PH": 6.5,
        "DO": 6.5,
        "CODMn": 6.5,
        "NH3N": 6.5,
        "WaterQualityCurrent": "Ⅱ",
        "WaterQualityLast": "Ⅱ",
        "MainPollutionIndex": "--",
        "Longitude": 128.1841448,
        "Latitude": 41.41605071,
        "PublishTime": "2016/11/23 0:00:00"
    },
    {
        "Year": 2016,
        "Week": 47,
        "RiverSystem": "辽河流域",
        "PointName": "临江苇沙河",
        "RiverName": "鸭绿江",
        "SectionCondition": "中、朝界河",
        "PH": 8.02,
        "DO": 8.02,
        "CODMn": 8.02,
        "NH3N": 8.02,
        "WaterQualityCurrent": "Ⅲ",
        "WaterQualityLast": "Ⅲ",
        "MainPollutionIndex": "--",
        "Longitude": 126.7505908,
        "Latitude": 41.74146769,
        "PublishTime": "2016/11/23 0:00:00"
    },
    {
        "Year": 2016,
        "Week": 47,
        "RiverSystem": "辽河流域",
        "PointName": "集安上活龙",
        "RiverName": "鸭绿江",
        "SectionCondition": "中、朝界河",
        "PH": 7.03,
        "DO": 7.03,
        "CODMn": 7.03,
        "NH3N": 7.03,
        "WaterQualityCurrent": "Ⅱ",
        "WaterQualityLast": "Ⅱ",
        "MainPollutionIndex": "--",
        "Longitude": 126.124803,
        "Latitude": 41.0598141,
        "PublishTime": "2016/11/23 0:00:00"
    },
    {
        "Year": 2016,
        "Week": 47,
        "RiverSystem": "辽河流域",
        "PointName": "丹东江桥",
        "RiverName": "鸭绿江",
        "SectionCondition": "中、朝界河",
        "PH": 7.23,
        "DO": 7.23,
        "CODMn": 7.23,
        "NH3N": 7.23,
        "WaterQualityCurrent": "Ⅱ",
        "WaterQualityLast": "Ⅰ",
        "MainPollutionIndex": "--",
        "Longitude": 125.4316512,
        "Latitude": 40.76017282,
        "PublishTime": "2016/11/23 0:00:00"
    },
    {
        "Year": 2016,
        "Week": 47,
        "RiverSystem": "海河流域",
        "PointName": "北京古北口",
        "RiverName": "潮河",
        "SectionCondition": "密云水库入口",
        "PH": 7.94,
        "DO": 7.94,
        "CODMn": 7.94,
        "NH3N": 7.94,
        "WaterQualityCurrent": "Ⅱ",
        "WaterQualityLast": "Ⅱ",
        "MainPollutionIndex": "--",
        "Longitude": 117.1861273,
        "Latitude": 40.69397348,
        "PublishTime": "2016/11/23 0:00:00"
    },
    {
        "Year": 2016,
        "Week": 47,
        "RiverSystem": "海河流域",
        "PointName": "北京沿河城",
        "RiverName": "永定河",
        "SectionCondition": "官厅水库出口",
        "PH": 8.19,
        "DO": 8.19,
        "CODMn": 8.19,
        "NH3N": 8.19,
        "WaterQualityCurrent": "Ⅱ",
        "WaterQualityLast": "Ⅱ",
        "MainPollutionIndex": "--",
        "Longitude": 115.7256373,
        "Latitude": 40.06977429,
        "PublishTime": "2016/11/23 0:00:00"
    },
    {
        "Year": 2016,
        "Week": 47,
        "RiverSystem": "海河流域",
        "PointName": "天津三岔口",
        "RiverName": "海河",
        "SectionCondition": "入海口",
        "PH": 7.66,
        "DO": 7.66,
        "CODMn": 7.66,
        "NH3N": 7.66,
        "WaterQualityCurrent": "Ⅱ",
        "WaterQualityLast": "Ⅱ",
        "MainPollutionIndex": "--",
        "Longitude": 117.6052577,
        "Latitude": 40.00645564,
        "PublishTime": "2016/11/23 0:00:00"
    },
    {
        "Year": 2016,
        "Week": 47,
        "RiverSystem": "海河流域",
        "PointName": "天津果河桥",
        "RiverName": "黎河",
        "SectionCondition": "于桥水库入口",
        "PH": 8.11,
        "DO": 8.11,
        "CODMn": 8.11,
        "NH3N": 8.11,
        "WaterQualityCurrent": "Ⅱ",
        "WaterQualityLast": "Ⅱ",
        "MainPollutionIndex": "--",
        "Longitude": 117.7218076,
        "Latitude": 40.02378134,
        "PublishTime": "2016/11/23 0:00:00"
    },
    {
        "Year": 2016,
        "Week": 47,
        "RiverSystem": "海河流域",
        "PointName": "张家口八号桥",
        "RiverName": "洋河",
        "SectionCondition": "官厅水库入口",
        "PH": 7.56,
        "DO": 7.56,
        "CODMn": 7.56,
        "NH3N": 7.56,
        "WaterQualityCurrent": "Ⅳ",
        "WaterQualityLast": "Ⅴ",
        "MainPollutionIndex": "氨氮",
        "Longitude": 114.8723379,
        "Latitude": 40.84024444,
        "PublishTime": "2016/11/23 0:00:00"
    },
    {
        "Year": 2016,
        "Week": 47,
        "RiverSystem": "海河流域",
        "PointName": "石家庄岗南水库",
        "RiverName": "岗南水库",
        "SectionCondition": "库体",
        "PH": 8.41,
        "DO": 8.41,
        "CODMn": 8.41,
        "NH3N": 8.41,
        "WaterQualityCurrent": "Ⅰ",
        "WaterQualityLast": "Ⅰ",
        "MainPollutionIndex": "--",
        "Longitude": 113.9160842,
        "Latitude": 38.3143143,
        "PublishTime": "2016/11/23 0:00:00"
    },
    {
        "Year": 2016,
        "Week": 47,
        "RiverSystem": "海河流域",
        "PointName": "聊城秤钩湾",
        "RiverName": "卫河",
        "SectionCondition": "豫冀鲁三省交界",
        "PH": 7.74,
        "DO": 7.74,
        "CODMn": 7.74,
        "NH3N": 7.74,
        "WaterQualityCurrent": "Ⅳ",
        "WaterQualityLast": "Ⅴ",
        "MainPollutionIndex": "氨氮",
        "Longitude": 0,
        "Latitude": 0,
        "PublishTime": "2016/11/23 0:00:00"
    },
    {
        "Year": 2016,
        "Week": 47,
        "RiverSystem": "淮河流域",
        "PointName": "信阳淮滨水文站",
        "RiverName": "淮河",
        "SectionCondition": "豫0皖省界",
        "PH": 7.18,
        "DO": 7.18,
        "CODMn": 7.18,
        "NH3N": 7.18,
        "WaterQualityCurrent": "Ⅱ",
        "WaterQualityLast": "Ⅱ",
        "MainPollutionIndex": "--",
        "Longitude": 0,
        "Latitude": 0,
        "PublishTime": "2016/11/23 0:00:00"
    },
    {
        "Year": 2016,
        "Week": 47,
        "RiverSystem": "淮河流域",
        "PointName": "阜南王家坝",
        "RiverName": "淮河",
        "SectionCondition": "豫0皖省界",
        "PH": 7.26,
        "DO": 7.26,
        "CODMn": 7.26,
        "NH3N": 7.26,
        "WaterQualityCurrent": "Ⅳ",
        "WaterQualityLast": "Ⅳ",
        "MainPollutionIndex": "高锰酸盐指数",
        "Longitude": 115.6329522,
        "Latitude": 32.41684711,
        "PublishTime": "2016/11/23 0:00:00"
    },
    {
        "Year": 2016,
        "Week": 47,
        "RiverSystem": "淮河流域",
        "PointName": "淮南石头埠",
        "RiverName": "淮河",
        "SectionCondition": "",
        "PH": 7.32,
        "DO": 7.32,
        "CODMn": 7.32,
        "NH3N": 7.32,
        "WaterQualityCurrent": "Ⅲ",
        "WaterQualityLast": "Ⅲ",
        "MainPollutionIndex": "--",
        "Longitude": 116.9145633,
        "Latitude": 32.64167583,
        "PublishTime": "2016/11/23 0:00:00"
    },
    {
        "Year": 2016,
        "Week": 47,
        "RiverSystem": "淮河流域",
        "PointName": "蚌埠蚌埠闸",
        "RiverName": "淮河",
        "SectionCondition": "闸上",
        "PH": 7.15,
        "DO": 7.15,
        "CODMn": 7.15,
        "NH3N": 7.15,
        "WaterQualityCurrent": "Ⅲ",
        "WaterQualityLast": "Ⅲ",
        "MainPollutionIndex": "--",
        "Longitude": 117.2815591,
        "Latitude": 32.95499078,
        "PublishTime": "2016/11/23 0:00:00"
    },
    {
        "Year": 2016,
        "Week": 47,
        "RiverSystem": "淮河流域",
        "PointName": "滁州小柳巷",
        "RiverName": "淮河",
        "SectionCondition": "皖0苏省界",
        "PH": 8.51,
        "DO": 8.51,
        "CODMn": 8.51,
        "NH3N": 8.51,
        "WaterQualityCurrent": "Ⅱ",
        "WaterQualityLast": "Ⅱ",
        "MainPollutionIndex": "--",
        "Longitude": 118.3181264,
        "Latitude": 32.31098897,
        "PublishTime": "2016/11/23 0:00:00"
    },
    {
        "Year": 2016,
        "Week": 47,
        "RiverSystem": "淮河流域",
        "PointName": "盱眙淮河大桥",
        "RiverName": "淮河",
        "SectionCondition": "皖0苏省界",
        "PH": 8.19,
        "DO": 8.19,
        "CODMn": 8.19,
        "NH3N": 8.19,
        "WaterQualityCurrent": "Ⅲ",
        "WaterQualityLast": "Ⅱ",
        "MainPollutionIndex": "--",
        "Longitude": 118.502964,
        "Latitude": 33.02608726,
        "PublishTime": "2016/11/23 0:00:00"
    },
    {
        "Year": 2016,
        "Week": 47,
        "RiverSystem": "淮河流域",
        "PointName": "驻马店班台",
        "RiverName": "洪汝河",
        "SectionCondition": "豫0皖省界",
        "PH": 7.52,
        "DO": 7.52,
        "CODMn": 7.52,
        "NH3N": 7.52,
        "WaterQualityCurrent": "Ⅲ",
        "WaterQualityLast": "Ⅳ",
        "MainPollutionIndex": "--",
        "Longitude": 115.0656797,
        "Latitude": 32.7138785,
        "PublishTime": "2016/11/23 0:00:00"
    },
    {
        "Year": 2016,
        "Week": 47,
        "RiverSystem": "淮河流域",
        "PointName": "信阳蒋集水文站",
        "RiverName": "史灌河",
        "SectionCondition": "豫0皖省界",
        "PH": 7.46,
        "DO": 7.46,
        "CODMn": 7.46,
        "NH3N": 7.46,
        "WaterQualityCurrent": "Ⅱ",
        "WaterQualityLast": "Ⅱ",
        "MainPollutionIndex": "--",
        "Longitude": 115.7702992,
        "Latitude": 32.29347188,
        "PublishTime": "2016/11/23 0:00:00"
    },
    {
        "Year": 2016,
        "Week": 47,
        "RiverSystem": "淮河流域",
        "PointName": "界首七渡口",
        "RiverName": "颖河",
        "SectionCondition": "豫0皖省界",
        "PH": 7.59,
        "DO": 7.59,
        "CODMn": 7.59,
        "NH3N": 7.59,
        "WaterQualityCurrent": "劣Ⅴ",
        "WaterQualityLast": "Ⅳ",
        "MainPollutionIndex": "氨氮",
        "Longitude": 0,
        "Latitude": 0,
        "PublishTime": "2016/11/23 0:00:00"
    },
    {
        "Year": 2016,
        "Week": 47,
        "RiverSystem": "淮河流域",
        "PointName": "周口沈丘闸",
        "RiverName": "沙河",
        "SectionCondition": "闸上",
        "PH": 7.04,
        "DO": 7.04,
        "CODMn": 7.04,
        "NH3N": 7.04,
        "WaterQualityCurrent": "Ⅲ",
        "WaterQualityLast": "Ⅳ",
        "MainPollutionIndex": "--",
        "Longitude": 115.0790706,
        "Latitude": 33.38341101,
        "PublishTime": "2016/11/23 0:00:00"
    },
    {
        "Year": 2016,
        "Week": 47,
        "RiverSystem": "淮河流域",
        "PointName": "阜阳徐庄",
        "RiverName": "泉河",
        "SectionCondition": "豫0皖省界",
        "PH": 7.81,
        "DO": 7.81,
        "CODMn": 7.81,
        "NH3N": 7.81,
        "WaterQualityCurrent": "Ⅲ",
        "WaterQualityLast": "Ⅳ",
        "MainPollutionIndex": "--",
        "Longitude": 115.5627733,
        "Latitude": 33.1113895,
        "PublishTime": "2016/11/23 0:00:00"
    },
    {
        "Year": 2016,
        "Week": 47,
        "RiverSystem": "淮河流域",
        "PointName": "阜阳张大桥",
        "RiverName": "黑茨河",
        "SectionCondition": "豫0皖省界",
        "PH": 8.72,
        "DO": 8.72,
        "CODMn": 8.72,
        "NH3N": 8.72,
        "WaterQualityCurrent": "Ⅳ",
        "WaterQualityLast": "Ⅲ",
        "MainPollutionIndex": "高锰酸盐指数",
        "Longitude": 115.5131065,
        "Latitude": 33.24049299,
        "PublishTime": "2016/11/23 0:00:00"
    },
    {
        "Year": 2016,
        "Week": 47,
        "RiverSystem": "淮河流域",
        "PointName": "周口鹿邑付桥闸",
        "RiverName": "涡河",
        "SectionCondition": "豫0皖省界",
        "PH": 8.12,
        "DO": 8.12,
        "CODMn": 8.12,
        "NH3N": 8.12,
        "WaterQualityCurrent": "Ⅲ",
        "WaterQualityLast": "Ⅲ",
        "MainPollutionIndex": "--",
        "Longitude": 115.4986327,
        "Latitude": 33.87914354,
        "PublishTime": "2016/11/23 0:00:00"
    },
    {
        "Year": 2016,
        "Week": 47,
        "RiverSystem": "淮河流域",
        "PointName": "永城黄口",
        "RiverName": "浍河",
        "SectionCondition": "豫0皖省界",
        "PH": -1,
        "DO": -1,
        "CODMn": -1,
        "NH3N": -1,
        "WaterQualityCurrent": "★",
        "WaterQualityLast": "★",
        "MainPollutionIndex": "--",
        "Longitude": 116.3478677,
        "Latitude": 33.81747872,
        "PublishTime": "2016/11/23 0:00:00"
    },
    {
        "Year": 2016,
        "Week": 47,
        "RiverSystem": "淮河流域",
        "PointName": "亳州颜集",
        "RiverName": "包河",
        "SectionCondition": "豫0皖省界",
        "PH": 7.87,
        "DO": 7.87,
        "CODMn": 7.87,
        "NH3N": 7.87,
        "WaterQualityCurrent": "劣Ⅴ",
        "WaterQualityLast": "劣Ⅴ",
        "MainPollutionIndex": "氨氮，高锰酸盐指数，溶解氧",
        "Longitude": 115.8870052,
        "Latitude": 33.97485876,
        "PublishTime": "2016/11/23 0:00:00"
    },
    {
        "Year": 2016,
        "Week": 47,
        "RiverSystem": "淮河流域",
        "PointName": "淮北小王桥",
        "RiverName": "沱河",
        "SectionCondition": "豫0皖省界",
        "PH": 8.12,
        "DO": 8.12,
        "CODMn": 8.12,
        "NH3N": 8.12,
        "WaterQualityCurrent": "Ⅳ",
        "WaterQualityLast": "Ⅳ",
        "MainPollutionIndex": "高锰酸盐指数",
        "Longitude": 116.5816561,
        "Latitude": 33.8764789,
        "PublishTime": "2016/11/23 0:00:00"
    },
    {
        "Year": 2016,
        "Week": 47,
        "RiverSystem": "淮河流域",
        "PointName": "宿州泗县公路桥",
        "RiverName": "新汴河",
        "SectionCondition": "皖0苏省界",
        "PH": 8.61,
        "DO": 8.61,
        "CODMn": 8.61,
        "NH3N": 8.61,
        "WaterQualityCurrent": "Ⅳ",
        "WaterQualityLast": "劣Ⅴ",
        "MainPollutionIndex": "高锰酸盐指数",
        "Longitude": 116.4374979,
        "Latitude": 34.33591215,
        "PublishTime": "2016/11/23 0:00:00"
    },
    {
        "Year": 2016,
        "Week": 47,
        "RiverSystem": "淮河流域",
        "PointName": "泗洪大屈",
        "RiverName": "新濉河",
        "SectionCondition": "皖0苏省界",
        "PH": 8.44,
        "DO": 8.44,
        "CODMn": 8.44,
        "NH3N": 8.44,
        "WaterQualityCurrent": "Ⅱ",
        "WaterQualityLast": "Ⅱ",
        "MainPollutionIndex": "--",
        "Longitude": 118.0971487,
        "Latitude": 33.47586541,
        "PublishTime": "2016/11/23 0:00:00"
    },
    {
        "Year": 2016,
        "Week": 47,
        "RiverSystem": "淮河流域",
        "PointName": "宿州杨庄",
        "RiverName": "奎河",
        "SectionCondition": "苏0皖省界",
        "PH": 8.41,
        "DO": 8.41,
        "CODMn": 8.41,
        "NH3N": 8.41,
        "WaterQualityCurrent": "Ⅴ",
        "WaterQualityLast": "Ⅳ",
        "MainPollutionIndex": "高锰酸盐指数，氨氮",
        "Longitude": 116.4662926,
        "Latitude": 34.46354801,
        "PublishTime": "2016/11/23 0:00:00"
    },
    {
        "Year": 2016,
        "Week": 47,
        "RiverSystem": "淮河流域",
        "PointName": "徐州李集桥",
        "RiverName": "沿河",
        "SectionCondition": "苏0鲁省界",
        "PH": 8.48,
        "DO": 8.48,
        "CODMn": 8.48,
        "NH3N": 8.48,
        "WaterQualityCurrent": "Ⅲ",
        "WaterQualityLast": "Ⅲ",
        "MainPollutionIndex": "--",
        "Longitude": 117.8785107,
        "Latitude": 33.98428986,
        "PublishTime": "2016/11/23 0:00:00"
    },
    {
        "Year": 2016,
        "Week": 47,
        "RiverSystem": "淮河流域",
        "PointName": "枣庄台儿庄大桥",
        "RiverName": "京杭大运河",
        "SectionCondition": "鲁0苏省界",
        "PH": 7.15,
        "DO": 7.15,
        "CODMn": 7.15,
        "NH3N": 7.15,
        "WaterQualityCurrent": "Ⅲ",
        "WaterQualityLast": "Ⅲ",
        "MainPollutionIndex": "--",
        "Longitude": 117.7230048,
        "Latitude": 34.55140528,
        "PublishTime": "2016/11/23 0:00:00"
    },
    {
        "Year": 2016,
        "Week": 47,
        "RiverSystem": "淮河流域",
        "PointName": "邳州邳苍艾山西大桥",
        "RiverName": "邳苍分洪道西偏泓",
        "SectionCondition": "鲁0苏省界",
        "PH": 8.01,
        "DO": 8.01,
        "CODMn": 8.01,
        "NH3N": 8.01,
        "WaterQualityCurrent": "Ⅱ",
        "WaterQualityLast": "Ⅱ",
        "MainPollutionIndex": "--",
        "Longitude": 117.9008093,
        "Latitude": 34.47299653,
        "PublishTime": "2016/11/23 0:00:00"
    },
    {
        "Year": 2016,
        "Week": 47,
        "RiverSystem": "淮河流域",
        "PointName": "徐州小红圈",
        "RiverName": "武河",
        "SectionCondition": "鲁0苏省界",
        "PH": 7.98,
        "DO": 7.98,
        "CODMn": 7.98,
        "NH3N": 7.98,
        "WaterQualityCurrent": "Ⅱ",
        "WaterQualityLast": "Ⅱ",
        "MainPollutionIndex": "--",
        "Longitude": 118.1038953,
        "Latitude": 34.6214727,
        "PublishTime": "2016/11/23 0:00:00"
    },
    {
        "Year": 2016,
        "Week": 47,
        "RiverSystem": "淮河流域",
        "PointName": "临沂重坊桥",
        "RiverName": "沂河",
        "SectionCondition": "鲁0苏省界",
        "PH": 8.32,
        "DO": 8.32,
        "CODMn": 8.32,
        "NH3N": 8.32,
        "WaterQualityCurrent": "Ⅲ",
        "WaterQualityLast": "Ⅱ",
        "MainPollutionIndex": "--",
        "Longitude": 118.1518556,
        "Latitude": 34.59826702,
        "PublishTime": "2016/11/23 0:00:00"
    },
    {
        "Year": 2016,
        "Week": 47,
        "RiverSystem": "淮河流域",
        "PointName": "临沂涝沟桥",
        "RiverName": "白马河",
        "SectionCondition": "鲁0苏省界",
        "PH": 8.36,
        "DO": 8.36,
        "CODMn": 8.36,
        "NH3N": 8.36,
        "WaterQualityCurrent": "Ⅳ",
        "WaterQualityLast": "Ⅳ",
        "MainPollutionIndex": "高锰酸盐指数",
        "Longitude": 0,
        "Latitude": 0,
        "PublishTime": "2016/11/23 0:00:00"
    },
    {
        "Year": 2016,
        "Week": 47,
        "RiverSystem": "淮河流域",
        "PointName": "临沂清泉寺",
        "RiverName": "沭河",
        "SectionCondition": "鲁0苏省界",
        "PH": 6.87,
        "DO": 6.87,
        "CODMn": 6.87,
        "NH3N": 6.87,
        "WaterQualityCurrent": "Ⅳ",
        "WaterQualityLast": "Ⅳ",
        "MainPollutionIndex": "高锰酸盐指数",
        "Longitude": 118.4757712,
        "Latitude": 34.7061511,
        "PublishTime": "2016/11/23 0:00:00"
    },
    {
        "Year": 2016,
        "Week": 47,
        "RiverSystem": "淮河流域",
        "PointName": "连云港大兴桥",
        "RiverName": "新沭河",
        "SectionCondition": "鲁0苏省界",
        "PH": 8.15,
        "DO": 8.15,
        "CODMn": 8.15,
        "NH3N": 8.15,
        "WaterQualityCurrent": "Ⅲ",
        "WaterQualityLast": "Ⅱ",
        "MainPollutionIndex": "--",
        "Longitude": 0,
        "Latitude": 0,
        "PublishTime": "2016/11/23 0:00:00"
    },
    {
        "Year": 2016,
        "Week": 47,
        "RiverSystem": "黄河流域",
        "PointName": "兰州新城桥",
        "RiverName": "黄河",
        "SectionCondition": "",
        "PH": 7.91,
        "DO": 7.91,
        "CODMn": 7.91,
        "NH3N": 7.91,
        "WaterQualityCurrent": "Ⅱ",
        "WaterQualityLast": "Ⅱ",
        "MainPollutionIndex": "--",
        "Longitude": 103.4853035,
        "Latitude": 36.168056,
        "PublishTime": "2016/11/23 0:00:00"
    },
    {
        "Year": 2016,
        "Week": 47,
        "RiverSystem": "黄河流域",
        "PointName": "中卫新墩",
        "RiverName": "黄河",
        "SectionCondition": "甘0宁省界",
        "PH": 8.26,
        "DO": 8.26,
        "CODMn": 8.26,
        "NH3N": 8.26,
        "WaterQualityCurrent": "Ⅱ",
        "WaterQualityLast": "Ⅱ",
        "MainPollutionIndex": "--",
        "Longitude": 105.1682778,
        "Latitude": 37.48530273,
        "PublishTime": "2016/11/23 0:00:00"
    },
    {
        "Year": 2016,
        "Week": 47,
        "RiverSystem": "黄河流域",
        "PointName": "石嘴山麻黄沟",
        "RiverName": "黄河",
        "SectionCondition": "宁0蒙省界",
        "PH": 8.22,
        "DO": 8.22,
        "CODMn": 8.22,
        "NH3N": 8.22,
        "WaterQualityCurrent": "Ⅲ",
        "WaterQualityLast": "Ⅲ",
        "MainPollutionIndex": "--",
        "Longitude": 0,
        "Latitude": 0,
        "PublishTime": "2016/11/23 0:00:00"
    },
    {
        "Year": 2016,
        "Week": 47,
        "RiverSystem": "黄河流域",
        "PointName": "乌海海勃湾",
        "RiverName": "黄河",
        "SectionCondition": "宁0蒙省界",
        "PH": 8.48,
        "DO": 8.48,
        "CODMn": 8.48,
        "NH3N": 8.48,
        "WaterQualityCurrent": "Ⅱ",
        "WaterQualityLast": "Ⅱ",
        "MainPollutionIndex": "--",
        "Longitude": 106.8225957,
        "Latitude": 39.69187892,
        "PublishTime": "2016/11/23 0:00:00"
    },
    {
        "Year": 2016,
        "Week": 47,
        "RiverSystem": "黄河流域",
        "PointName": "包头画匠营子",
        "RiverName": "黄河",
        "SectionCondition": "",
        "PH": 7.82,
        "DO": 7.82,
        "CODMn": 7.82,
        "NH3N": 7.82,
        "WaterQualityCurrent": "Ⅱ",
        "WaterQualityLast": "Ⅱ",
        "MainPollutionIndex": "--",
        "Longitude": 109.9335231,
        "Latitude": 40.53513266,
        "PublishTime": "2016/11/23 0:00:00"
    },
    {
        "Year": 2016,
        "Week": 47,
        "RiverSystem": "黄河流域",
        "PointName": "忻州万家寨水库",
        "RiverName": "黄河",
        "SectionCondition": "库体",
        "PH": 7.23,
        "DO": 7.23,
        "CODMn": 7.23,
        "NH3N": 7.23,
        "WaterQualityCurrent": "Ⅱ",
        "WaterQualityLast": "Ⅲ",
        "MainPollutionIndex": "--",
        "Longitude": 0,
        "Latitude": 0,
        "PublishTime": "2016/11/23 0:00:00"
    },
    {
        "Year": 2016,
        "Week": 47,
        "RiverSystem": "黄河流域",
        "PointName": "济源小浪底",
        "RiverName": "黄河",
        "SectionCondition": "水库出口",
        "PH": 8.53,
        "DO": 8.53,
        "CODMn": 8.53,
        "NH3N": 8.53,
        "WaterQualityCurrent": "Ⅱ",
        "WaterQualityLast": "Ⅰ",
        "MainPollutionIndex": "--",
        "Longitude": 112.3804986,
        "Latitude": 34.92416938,
        "PublishTime": "2016/11/23 0:00:00"
    },
    {
        "Year": 2016,
        "Week": 47,
        "RiverSystem": "黄河流域",
        "PointName": "济南泺口",
        "RiverName": "黄河",
        "SectionCondition": "入海口",
        "PH": 8.33,
        "DO": 8.33,
        "CODMn": 8.33,
        "NH3N": 8.33,
        "WaterQualityCurrent": "Ⅱ",
        "WaterQualityLast": "Ⅱ",
        "MainPollutionIndex": "--",
        "Longitude": 116.9947191,
        "Latitude": 36.70701653,
        "PublishTime": "2016/11/23 0:00:00"
    },
    {
        "Year": 2016,
        "Week": 47,
        "RiverSystem": "黄河流域",
        "PointName": "海东民和桥",
        "RiverName": "湟水",
        "SectionCondition": "青0甘省界",
        "PH": 8.06,
        "DO": 8.06,
        "CODMn": 8.06,
        "NH3N": 8.06,
        "WaterQualityCurrent": "Ⅳ",
        "WaterQualityLast": "Ⅳ",
        "MainPollutionIndex": "氨氮",
        "Longitude": 0,
        "Latitude": 0,
        "PublishTime": "2016/11/23 0:00:00"
    },
    {
        "Year": 2016,
        "Week": 47,
        "RiverSystem": "黄河流域",
        "PointName": "运城河津大桥",
        "RiverName": "汾河",
        "SectionCondition": "陕省界（入黄前）",
        "PH": 7.84,
        "DO": 7.84,
        "CODMn": 7.84,
        "NH3N": 7.84,
        "WaterQualityCurrent": "劣Ⅴ",
        "WaterQualityLast": "劣Ⅴ",
        "MainPollutionIndex": "氨氮，高锰酸盐指数",
        "Longitude": 110.711685,
        "Latitude": 35.5542196,
        "PublishTime": "2016/11/23 0:00:00"
    },
    {
        "Year": 2016,
        "Week": 47,
        "RiverSystem": "黄河流域",
        "PointName": "天水牛背",
        "RiverName": "渭河",
        "SectionCondition": "甘0陕省界",
        "PH": 8.9,
        "DO": 8.9,
        "CODMn": 8.9,
        "NH3N": 8.9,
        "WaterQualityCurrent": "Ⅱ",
        "WaterQualityLast": "Ⅱ",
        "MainPollutionIndex": "--",
        "Longitude": 106.7139187,
        "Latitude": 34.3692355,
        "PublishTime": "2016/11/23 0:00:00"
    },
    {
        "Year": 2016,
        "Week": 47,
        "RiverSystem": "黄河流域",
        "PointName": "渭南潼关吊桥",
        "RiverName": "渭河",
        "SectionCondition": "陕0晋、豫省界",
        "PH": 7.91,
        "DO": 7.91,
        "CODMn": 7.91,
        "NH3N": 7.91,
        "WaterQualityCurrent": "Ⅲ",
        "WaterQualityLast": "Ⅳ",
        "MainPollutionIndex": "--",
        "Longitude": 110.2239854,
        "Latitude": 34.61132464,
        "PublishTime": "2016/11/23 0:00:00"
    },
    {
        "Year": 2016,
        "Week": 47,
        "RiverSystem": "长江流域",
        "PointName": "攀枝花龙洞",
        "RiverName": "长江",
        "SectionCondition": "",
        "PH": 7.65,
        "DO": 7.65,
        "CODMn": 7.65,
        "NH3N": 7.65,
        "WaterQualityCurrent": "Ⅱ",
        "WaterQualityLast": "Ⅱ",
        "MainPollutionIndex": "--",
        "Longitude": 101.9849747,
        "Latitude": 27.05723136,
        "PublishTime": "2016/11/23 0:00:00"
    },
    {
        "Year": 2016,
        "Week": 47,
        "RiverSystem": "长江流域",
        "PointName": "重庆朱沱",
        "RiverName": "长江",
        "SectionCondition": "川0渝省界",
        "PH": 7.48,
        "DO": 7.48,
        "CODMn": 7.48,
        "NH3N": 7.48,
        "WaterQualityCurrent": "Ⅱ",
        "WaterQualityLast": "Ⅱ",
        "MainPollutionIndex": "--",
        "Longitude": 105.8523855,
        "Latitude": 29.01260005,
        "PublishTime": "2016/11/23 0:00:00"
    },
    {
        "Year": 2016,
        "Week": 47,
        "RiverSystem": "长江流域",
        "PointName": "宜昌南津关",
        "RiverName": "长江",
        "SectionCondition": "三峡水库出口",
        "PH": 7.3,
        "DO": 7.3,
        "CODMn": 7.3,
        "NH3N": 7.3,
        "WaterQualityCurrent": "Ⅱ",
        "WaterQualityLast": "Ⅱ",
        "MainPollutionIndex": "--",
        "Longitude": 111.2799194,
        "Latitude": 30.76088376,
        "PublishTime": "2016/11/23 0:00:00"
    },
    {
        "Year": 2016,
        "Week": 47,
        "RiverSystem": "长江流域",
        "PointName": "岳阳城陵矶",
        "RiverName": "长江",
        "SectionCondition": "",
        "PH": 7.65,
        "DO": 7.65,
        "CODMn": 7.65,
        "NH3N": 7.65,
        "WaterQualityCurrent": "Ⅰ",
        "WaterQualityLast": "Ⅱ",
        "MainPollutionIndex": "--",
        "Longitude": 113.1489337,
        "Latitude": 29.43519038,
        "PublishTime": "2016/11/23 0:00:00"
    },
    {
        "Year": 2016,
        "Week": 47,
        "RiverSystem": "长江流域",
        "PointName": "九江河西水厂",
        "RiverName": "长江",
        "SectionCondition": "鄂0赣省界",
        "PH": 7.44,
        "DO": 7.44,
        "CODMn": 7.44,
        "NH3N": 7.44,
        "WaterQualityCurrent": "Ⅱ",
        "WaterQualityLast": "Ⅱ",
        "MainPollutionIndex": "--",
        "Longitude": 0,
        "Latitude": 0,
        "PublishTime": "2016/11/23 0:00:00"
    },
    {
        "Year": 2016,
        "Week": 47,
        "RiverSystem": "长江流域",
        "PointName": "安庆皖河口",
        "RiverName": "长江",
        "SectionCondition": "",
        "PH": 7.58,
        "DO": 7.58,
        "CODMn": 7.58,
        "NH3N": 7.58,
        "WaterQualityCurrent": "Ⅱ",
        "WaterQualityLast": "Ⅱ",
        "MainPollutionIndex": "--",
        "Longitude": 116.9988743,
        "Latitude": 30.50647448,
        "PublishTime": "2016/11/23 0:00:00"
    },
    {
        "Year": 2016,
        "Week": 47,
        "RiverSystem": "长江流域",
        "PointName": "南京林山",
        "RiverName": "长江",
        "SectionCondition": "皖0苏省界",
        "PH": 7.85,
        "DO": 7.85,
        "CODMn": 7.85,
        "NH3N": 7.85,
        "WaterQualityCurrent": "Ⅱ",
        "WaterQualityLast": "Ⅱ",
        "MainPollutionIndex": "--",
        "Longitude": 118.5281985,
        "Latitude": 31.91639964,
        "PublishTime": "2016/11/23 0:00:00"
    },
    {
        "Year": 2016,
        "Week": 47,
        "RiverSystem": "长江流域",
        "PointName": "赤水鲢鱼溪",
        "RiverName": "赤水河",
        "SectionCondition": "黔0川省界",
        "PH": 8.72,
        "DO": 8.72,
        "CODMn": 8.72,
        "NH3N": 8.72,
        "WaterQualityCurrent": "Ⅲ",
        "WaterQualityLast": "Ⅳ",
        "MainPollutionIndex": "--",
        "Longitude": 105.739638,
        "Latitude": 28.61118336,
        "PublishTime": "2016/11/23 0:00:00"
    },
    {
        "Year": 2016,
        "Week": 47,
        "RiverSystem": "长江流域",
        "PointName": "乐山岷江大桥",
        "RiverName": "岷江",
        "SectionCondition": "与大渡河汇合前",
        "PH": 7.17,
        "DO": 7.17,
        "CODMn": 7.17,
        "NH3N": 7.17,
        "WaterQualityCurrent": "Ⅱ",
        "WaterQualityLast": "Ⅱ",
        "MainPollutionIndex": "--",
        "Longitude": 103.7835085,
        "Latitude": 29.51829294,
        "PublishTime": "2016/11/23 0:00:00"
    },
    {
        "Year": 2016,
        "Week": 47,
        "RiverSystem": "长江流域",
        "PointName": "宜宾凉姜沟",
        "RiverName": "岷江",
        "SectionCondition": "入长江前",
        "PH": 7.26,
        "DO": 7.26,
        "CODMn": 7.26,
        "NH3N": 7.26,
        "WaterQualityCurrent": "Ⅰ",
        "WaterQualityLast": "Ⅰ",
        "MainPollutionIndex": "--",
        "Longitude": 104.6377984,
        "Latitude": 28.78370753,
        "PublishTime": "2016/11/23 0:00:00"
    },
    {
        "Year": 2016,
        "Week": 47,
        "RiverSystem": "长江流域",
        "PointName": "泸州沱江二桥",
        "RiverName": "沱江",
        "SectionCondition": "入长江前",
        "PH": 7.88,
        "DO": 7.88,
        "CODMn": 7.88,
        "NH3N": 7.88,
        "WaterQualityCurrent": "Ⅱ",
        "WaterQualityLast": "Ⅱ",
        "MainPollutionIndex": "--",
        "Longitude": 105.4396304,
        "Latitude": 28.88832245,
        "PublishTime": "2016/11/23 0:00:00"
    },
    {
        "Year": 2016,
        "Week": 47,
        "RiverSystem": "长江流域",
        "PointName": "广元清风峡",
        "RiverName": "嘉陵江",
        "SectionCondition": "陕0川省界",
        "PH": 8.53,
        "DO": 8.53,
        "CODMn": 8.53,
        "NH3N": 8.53,
        "WaterQualityCurrent": "Ⅰ",
        "WaterQualityLast": "Ⅰ",
        "MainPollutionIndex": "--",
        "Longitude": 0,
        "Latitude": 0,
        "PublishTime": "2016/11/23 0:00:00"
    },
    {
        "Year": 2016,
        "Week": 47,
        "RiverSystem": "长江流域",
        "PointName": "武汉宗关",
        "RiverName": "汉江",
        "SectionCondition": "入长江前",
        "PH": 7.92,
        "DO": 7.92,
        "CODMn": 7.92,
        "NH3N": 7.92,
        "WaterQualityCurrent": "Ⅱ",
        "WaterQualityLast": "Ⅱ",
        "MainPollutionIndex": "--",
        "Longitude": 114.2267795,
        "Latitude": 30.5813308,
        "PublishTime": "2016/11/23 0:00:00"
    },
    {
        "Year": 2016,
        "Week": 47,
        "RiverSystem": "长江流域",
        "PointName": "丹江口胡家岭",
        "RiverName": "丹江口水库",
        "SectionCondition": "库体",
        "PH": 7.56,
        "DO": 7.56,
        "CODMn": 7.56,
        "NH3N": 7.56,
        "WaterQualityCurrent": "Ⅱ",
        "WaterQualityLast": "Ⅱ",
        "MainPollutionIndex": "--",
        "Longitude": 0,
        "Latitude": 0,
        "PublishTime": "2016/11/23 0:00:00"
    },
    {
        "Year": 2016,
        "Week": 47,
        "RiverSystem": "长江流域",
        "PointName": "南阳陶岔",
        "RiverName": "丹江口水库",
        "SectionCondition": "南水北调中线取水口",
        "PH": 8.06,
        "DO": 8.06,
        "CODMn": 8.06,
        "NH3N": 8.06,
        "WaterQualityCurrent": "Ⅰ",
        "WaterQualityLast": "Ⅰ",
        "MainPollutionIndex": "--",
        "Longitude": 111.7177676,
        "Latitude": 32.66665279,
        "PublishTime": "2016/11/23 0:00:00"
    },
    {
        "Year": 2016,
        "Week": 47,
        "RiverSystem": "长江流域",
        "PointName": "长沙新港",
        "RiverName": "湘江",
        "SectionCondition": "入洞庭湖",
        "PH": 7.31,
        "DO": 7.31,
        "CODMn": 7.31,
        "NH3N": 7.31,
        "WaterQualityCurrent": "Ⅲ",
        "WaterQualityLast": "Ⅱ",
        "MainPollutionIndex": "--",
        "Longitude": 112.9475974,
        "Latitude": 28.31406833,
        "PublishTime": "2016/11/23 0:00:00"
    },
    {
        "Year": 2016,
        "Week": 47,
        "RiverSystem": "长江流域",
        "PointName": "益阳万家嘴",
        "RiverName": "资水",
        "SectionCondition": "入洞庭湖",
        "PH": 7.05,
        "DO": 7.05,
        "CODMn": 7.05,
        "NH3N": 7.05,
        "WaterQualityCurrent": "Ⅱ",
        "WaterQualityLast": "Ⅱ",
        "MainPollutionIndex": "--",
        "Longitude": 0,
        "Latitude": 0,
        "PublishTime": "2016/11/23 0:00:00"
    },
    {
        "Year": 2016,
        "Week": 47,
        "RiverSystem": "长江流域",
        "PointName": "常德坡头",
        "RiverName": "沅江",
        "SectionCondition": "入洞庭湖",
        "PH": 7.35,
        "DO": 7.35,
        "CODMn": 7.35,
        "NH3N": 7.35,
        "WaterQualityCurrent": "Ⅰ",
        "WaterQualityLast": "Ⅰ",
        "MainPollutionIndex": "--",
        "Longitude": 110.4555026,
        "Latitude": 21.24475504,
        "PublishTime": "2016/11/23 0:00:00"
    },
    {
        "Year": 2016,
        "Week": 47,
        "RiverSystem": "长江流域",
        "PointName": "常德沙河口",
        "RiverName": "澧水",
        "SectionCondition": "入洞庭湖",
        "PH": 8.08,
        "DO": 8.08,
        "CODMn": 8.08,
        "NH3N": 8.08,
        "WaterQualityCurrent": "Ⅱ",
        "WaterQualityLast": "Ⅱ",
        "MainPollutionIndex": "--",
        "Longitude": 0,
        "Latitude": 0,
        "PublishTime": "2016/11/23 0:00:00"
    },
    {
        "Year": 2016,
        "Week": 47,
        "RiverSystem": "长江流域",
        "PointName": "南昌滁槎",
        "RiverName": "赣江",
        "SectionCondition": "入鄱阳湖",
        "PH": 6.9,
        "DO": 6.9,
        "CODMn": 6.9,
        "NH3N": 6.9,
        "WaterQualityCurrent": "Ⅱ",
        "WaterQualityLast": "Ⅱ",
        "MainPollutionIndex": "--",
        "Longitude": 112.124453,
        "Latitude": 29.46692009,
        "PublishTime": "2016/11/23 0:00:00"
    },
    {
        "Year": 2016,
        "Week": 47,
        "RiverSystem": "长江流域",
        "PointName": "扬州三江营",
        "RiverName": "夹江",
        "SectionCondition": "南水北调东线取水口",
        "PH": 7.49,
        "DO": 7.49,
        "CODMn": 7.49,
        "NH3N": 7.49,
        "WaterQualityCurrent": "Ⅱ",
        "WaterQualityLast": "Ⅲ",
        "MainPollutionIndex": "--",
        "Longitude": 119.7098573,
        "Latitude": 32.32085362,
        "PublishTime": "2016/11/23 0:00:00"
    },
    {
        "Year": 2016,
        "Week": 47,
        "RiverSystem": "珠江流域",
        "PointName": "贵港石嘴",
        "RiverName": "浔江",
        "SectionCondition": "",
        "PH": 6.87,
        "DO": 6.87,
        "CODMn": 6.87,
        "NH3N": 6.87,
        "WaterQualityCurrent": "Ⅱ",
        "WaterQualityLast": "Ⅱ",
        "MainPollutionIndex": "--",
        "Longitude": 0,
        "Latitude": 0,
        "PublishTime": "2016/11/23 0:00:00"
    },
    {
        "Year": 2016,
        "Week": 47,
        "RiverSystem": "珠江流域",
        "PointName": "梧州界首",
        "RiverName": "浔江",
        "SectionCondition": "桂0粤省界",
        "PH": 7.78,
        "DO": 7.78,
        "CODMn": 7.78,
        "NH3N": 7.78,
        "WaterQualityCurrent": "Ⅱ",
        "WaterQualityLast": "Ⅱ",
        "MainPollutionIndex": "--",
        "Longitude": 115.3744898,
        "Latitude": 33.25717837,
        "PublishTime": "2016/11/23 0:00:00"
    },
    {
        "Year": 2016,
        "Week": 47,
        "RiverSystem": "珠江流域",
        "PointName": "广州长洲",
        "RiverName": "珠江",
        "SectionCondition": "",
        "PH": 7.05,
        "DO": 7.05,
        "CODMn": 7.05,
        "NH3N": 7.05,
        "WaterQualityCurrent": "劣Ⅴ",
        "WaterQualityLast": "Ⅴ",
        "MainPollutionIndex": "溶解氧，氨氮",
        "Longitude": 113.4228391,
        "Latitude": 23.07582785,
        "PublishTime": "2016/11/23 0:00:00"
    },
    {
        "Year": 2016,
        "Week": 47,
        "RiverSystem": "珠江流域",
        "PointName": "中山横栏",
        "RiverName": "西江",
        "SectionCondition": "入海口",
        "PH": 7.32,
        "DO": 7.32,
        "CODMn": 7.32,
        "NH3N": 7.32,
        "WaterQualityCurrent": "Ⅱ",
        "WaterQualityLast": "Ⅱ",
        "MainPollutionIndex": "--",
        "Longitude": 113.2647627,
        "Latitude": 22.52328582,
        "PublishTime": "2016/11/23 0:00:00"
    },
    {
        "Year": 2016,
        "Week": 47,
        "RiverSystem": "珠江流域",
        "PointName": "清远七星岗",
        "RiverName": "北江",
        "SectionCondition": "",
        "PH": 7.27,
        "DO": 7.27,
        "CODMn": 7.27,
        "NH3N": 7.27,
        "WaterQualityCurrent": "Ⅰ",
        "WaterQualityLast": "Ⅱ",
        "MainPollutionIndex": "--",
        "Longitude": 113.0702618,
        "Latitude": 23.68107926,
        "PublishTime": "2016/11/23 0:00:00"
    },
    {
        "Year": 2016,
        "Week": 47,
        "RiverSystem": "珠江流域",
        "PointName": "南宁老口",
        "RiverName": "邕江",
        "SectionCondition": "",
        "PH": 7.26,
        "DO": 7.26,
        "CODMn": 7.26,
        "NH3N": 7.26,
        "WaterQualityCurrent": "Ⅲ",
        "WaterQualityLast": "Ⅲ",
        "MainPollutionIndex": "--",
        "Longitude": 108.1311584,
        "Latitude": 22.78266567,
        "PublishTime": "2016/11/23 0:00:00"
    },
    {
        "Year": 2016,
        "Week": 47,
        "RiverSystem": "珠江流域",
        "PointName": "桂林阳朔",
        "RiverName": "漓江",
        "SectionCondition": "",
        "PH": 7.57,
        "DO": 7.57,
        "CODMn": 7.57,
        "NH3N": 7.57,
        "WaterQualityCurrent": "Ⅱ",
        "WaterQualityLast": "Ⅱ",
        "MainPollutionIndex": "--",
        "Longitude": 110.4832236,
        "Latitude": 24.72633968,
        "PublishTime": "2016/11/23 0:00:00"
    },
    {
        "Year": 2016,
        "Week": 47,
        "RiverSystem": "珠江流域",
        "PointName": "凭祥平而关",
        "RiverName": "平而河",
        "SectionCondition": "越0中国界",
        "PH": 7.59,
        "DO": 7.59,
        "CODMn": 7.59,
        "NH3N": 7.59,
        "WaterQualityCurrent": "Ⅱ",
        "WaterQualityLast": "Ⅱ",
        "MainPollutionIndex": "--",
        "Longitude": 106.7051026,
        "Latitude": 22.21288893,
        "PublishTime": "2016/11/23 0:00:00"
    },
    {
        "Year": 2016,
        "Week": 47,
        "RiverSystem": "珠江流域",
        "PointName": "防城港东兴",
        "RiverName": "北仑河",
        "SectionCondition": "中、越界河",
        "PH": 6.63,
        "DO": 6.63,
        "CODMn": 6.63,
        "NH3N": 6.63,
        "WaterQualityCurrent": "Ⅰ",
        "WaterQualityLast": "Ⅰ",
        "MainPollutionIndex": "--",
        "Longitude": 107.978366,
        "Latitude": 21.55395,
        "PublishTime": "2016/11/23 0:00:00"
    },
    {
        "Year": 2016,
        "Week": 47,
        "RiverSystem": "珠江流域",
        "PointName": "崇左八角电站",
        "RiverName": "水口河",
        "SectionCondition": "越0中入境",
        "PH": 8.08,
        "DO": 8.08,
        "CODMn": 8.08,
        "NH3N": 8.08,
        "WaterQualityCurrent": "Ⅰ",
        "WaterQualityLast": "Ⅰ",
        "MainPollutionIndex": "--",
        "Longitude": 0,
        "Latitude": 0,
        "PublishTime": "2016/11/23 0:00:00"
    },
    {
        "Year": 2016,
        "Week": 47,
        "RiverSystem": "海南岛内河流",
        "PointName": "海口铁桥村",
        "RiverName": "南渡江",
        "SectionCondition": "入海",
        "PH": 7.26,
        "DO": 7.26,
        "CODMn": 7.26,
        "NH3N": 7.26,
        "WaterQualityCurrent": "Ⅱ",
        "WaterQualityLast": "Ⅱ",
        "MainPollutionIndex": "--",
        "Longitude": 110.3974018,
        "Latitude": 19.97124326,
        "PublishTime": "2016/11/23 0:00:00"
    },
    {
        "Year": 2016,
        "Week": 47,
        "RiverSystem": "海南岛内河流",
        "PointName": "昌江昌化",
        "RiverName": "昌化江",
        "SectionCondition": "入海",
        "PH": 7.69,
        "DO": 7.69,
        "CODMn": 7.69,
        "NH3N": 7.69,
        "WaterQualityCurrent": "Ⅱ",
        "WaterQualityLast": "Ⅱ",
        "MainPollutionIndex": "--",
        "Longitude": 108.6860615,
        "Latitude": 19.32802821,
        "PublishTime": "2016/11/23 0:00:00"
    },
    {
        "Year": 2016,
        "Week": 47,
        "RiverSystem": "海南岛内河流",
        "PointName": "琼海丹村",
        "RiverName": "万泉河",
        "SectionCondition": "入海",
        "PH": 7.79,
        "DO": 7.79,
        "CODMn": 7.79,
        "NH3N": 7.79,
        "WaterQualityCurrent": "Ⅱ",
        "WaterQualityLast": "Ⅱ",
        "MainPollutionIndex": "--",
        "Longitude": 110.3957394,
        "Latitude": 19.20198733,
        "PublishTime": "2016/11/23 0:00:00"
    },
    {
        "Year": 2016,
        "Week": 47,
        "RiverSystem": "浙闽河流",
        "PointName": "杭州鸠坑口",
        "RiverName": "新安江",
        "SectionCondition": "皖0浙省界",
        "PH": 6.9,
        "DO": 6.9,
        "CODMn": 6.9,
        "NH3N": 6.9,
        "WaterQualityCurrent": "Ⅱ",
        "WaterQualityLast": "Ⅲ",
        "MainPollutionIndex": "--",
        "Longitude": 0,
        "Latitude": 0,
        "PublishTime": "2016/11/23 0:00:00"
    },
    {
        "Year": 2016,
        "Week": 47,
        "RiverSystem": "浙闽河流",
        "PointName": "福州白岩潭",
        "RiverName": "闽江",
        "SectionCondition": "入海",
        "PH": 6.46,
        "DO": 6.46,
        "CODMn": 6.46,
        "NH3N": 6.46,
        "WaterQualityCurrent": "Ⅲ",
        "WaterQualityLast": "Ⅱ",
        "MainPollutionIndex": "--",
        "Longitude": 0,
        "Latitude": 0,
        "PublishTime": "2016/11/23 0:00:00"
    },
    {
        "Year": 2016,
        "Week": 47,
        "RiverSystem": "西南诸河",
        "PointName": "林芝米瑞",
        "RiverName": "雅鲁藏布江",
        "SectionCondition": "中0印出境",
        "PH": 7.5,
        "DO": 7.5,
        "CODMn": 7.5,
        "NH3N": 7.5,
        "WaterQualityCurrent": "Ⅱ",
        "WaterQualityLast": "Ⅱ",
        "MainPollutionIndex": "--",
        "Longitude": 94.61126182,
        "Latitude": 29.49435349,
        "PublishTime": "2016/11/23 0:00:00"
    },
    {
        "Year": 2016,
        "Week": 47,
        "RiverSystem": "西南诸河",
        "PointName": "西双版纳橄榄坝",
        "RiverName": "澜沧江",
        "SectionCondition": "中0缅出境",
        "PH": 7.49,
        "DO": 7.49,
        "CODMn": 7.49,
        "NH3N": 7.49,
        "WaterQualityCurrent": "Ⅱ",
        "WaterQualityLast": "Ⅱ",
        "MainPollutionIndex": "--",
        "Longitude": 100.9267018,
        "Latitude": 21.84975206,
        "PublishTime": "2016/11/23 0:00:00"
    },
    {
        "Year": 2016,
        "Week": 47,
        "RiverSystem": "西南诸河",
        "PointName": "红河州河口",
        "RiverName": "元江",
        "SectionCondition": "中0越出境",
        "PH": 7.92,
        "DO": 7.92,
        "CODMn": 7.92,
        "NH3N": 7.92,
        "WaterQualityCurrent": "Ⅱ",
        "WaterQualityLast": "Ⅲ",
        "MainPollutionIndex": "--",
        "Longitude": 103.964166,
        "Latitude": 22.520162,
        "PublishTime": "2016/11/23 0:00:00"
    },
    {
        "Year": 2016,
        "Week": 47,
        "RiverSystem": "西南诸河",
        "PointName": "德宏州嘎中桥",
        "RiverName": "瑞丽江",
        "SectionCondition": "中0缅出境",
        "PH": 7.35,
        "DO": 7.35,
        "CODMn": 7.35,
        "NH3N": 7.35,
        "WaterQualityCurrent": "Ⅱ",
        "WaterQualityLast": "Ⅱ",
        "MainPollutionIndex": "--",
        "Longitude": 0,
        "Latitude": 0,
        "PublishTime": "2016/11/23 0:00:00"
    },
    {
        "Year": 2016,
        "Week": 47,
        "RiverSystem": "西南诸河",
        "PointName": "保山红旗桥",
        "RiverName": "怒江",
        "SectionCondition": "中0缅出境",
        "PH": 8.59,
        "DO": 8.59,
        "CODMn": 8.59,
        "NH3N": 8.59,
        "WaterQualityCurrent": "Ⅰ",
        "WaterQualityLast": "Ⅲ",
        "MainPollutionIndex": "--",
        "Longitude": 98.97157839,
        "Latitude": 24.73267349,
        "PublishTime": "2016/11/23 0:00:00"
    },
    {
        "Year": 2016,
        "Week": 47,
        "RiverSystem": "内陆河流",
        "PointName": "阿勒泰南湾",
        "RiverName": "额尔齐斯河",
        "SectionCondition": "中0哈出境",
        "PH": 7.92,
        "DO": 7.92,
        "CODMn": 7.92,
        "NH3N": 7.92,
        "WaterQualityCurrent": "Ⅱ",
        "WaterQualityLast": "Ⅱ",
        "MainPollutionIndex": "--",
        "Longitude": 0,
        "Latitude": 0,
        "PublishTime": "2016/11/23 0:00:00"
    },
    {
        "Year": 2016,
        "Week": 47,
        "RiverSystem": "内陆河流",
        "PointName": "伊犁63团大桥",
        "RiverName": "伊犁河",
        "SectionCondition": "中0哈出境",
        "PH": 8.49,
        "DO": 8.49,
        "CODMn": 8.49,
        "NH3N": 8.49,
        "WaterQualityCurrent": "Ⅱ",
        "WaterQualityLast": "Ⅱ",
        "MainPollutionIndex": "--",
        "Longitude": 80.56104979,
        "Latitude": 43.96536048,
        "PublishTime": "2016/11/23 0:00:00"
    },
    {
        "Year": 2016,
        "Week": 47,
        "RiverSystem": "太湖流域",
        "PointName": "无锡沙渚",
        "RiverName": "太湖",
        "SectionCondition": "湖体",
        "PH": 7.84,
        "DO": 7.84,
        "CODMn": 7.84,
        "NH3N": 7.84,
        "WaterQualityCurrent": "Ⅱ",
        "WaterQualityLast": "Ⅱ",
        "MainPollutionIndex": "--",
        "Longitude": 120.2250412,
        "Latitude": 31.40029913,
        "PublishTime": "2016/11/23 0:00:00"
    },
    {
        "Year": 2016,
        "Week": 47,
        "RiverSystem": "太湖流域",
        "PointName": "宜兴兰山嘴",
        "RiverName": "太湖",
        "SectionCondition": "湖体",
        "PH": -1,
        "DO": -1,
        "CODMn": -1,
        "NH3N": -1,
        "WaterQualityCurrent": "Ⅱ",
        "WaterQualityLast": "Ⅱ",
        "MainPollutionIndex": "--",
        "Longitude": 119.8430537,
        "Latitude": 31.25234551,
        "PublishTime": "2016/11/23 0:00:00"
    },
    {
        "Year": 2016,
        "Week": 47,
        "RiverSystem": "太湖流域",
        "PointName": "苏州西山",
        "RiverName": "太湖",
        "SectionCondition": "湖体",
        "PH": 8.56,
        "DO": 8.56,
        "CODMn": 8.56,
        "NH3N": 8.56,
        "WaterQualityCurrent": "Ⅱ",
        "WaterQualityLast": "Ⅲ",
        "MainPollutionIndex": "--",
        "Longitude": 120.4553143,
        "Latitude": 31.27428869,
        "PublishTime": "2016/11/23 0:00:00"
    },
    {
        "Year": 2016,
        "Week": 47,
        "RiverSystem": "太湖流域",
        "PointName": "湖州新塘港",
        "RiverName": "新塘港河",
        "SectionCondition": "浙0苏省界",
        "PH": 7.39,
        "DO": 7.39,
        "CODMn": 7.39,
        "NH3N": 7.39,
        "WaterQualityCurrent": "Ⅳ",
        "WaterQualityLast": "Ⅱ",
        "MainPollutionIndex": "高锰酸盐指数",
        "Longitude": 120.1053868,
        "Latitude": 30.89034515,
        "PublishTime": "2016/11/23 0:00:00"
    },
    {
        "Year": 2016,
        "Week": 47,
        "RiverSystem": "太湖流域",
        "PointName": "上海青浦急水港",
        "RiverName": "急水港河",
        "SectionCondition": "苏0沪省界",
        "PH": 8.06,
        "DO": 8.06,
        "CODMn": 8.06,
        "NH3N": 8.06,
        "WaterQualityCurrent": "Ⅲ",
        "WaterQualityLast": "Ⅳ",
        "MainPollutionIndex": "--",
        "Longitude": 120.889662,
        "Latitude": 31.11568512,
        "PublishTime": "2016/11/23 0:00:00"
    },
    {
        "Year": 2016,
        "Week": 47,
        "RiverSystem": "太湖流域",
        "PointName": "嘉兴王江泾",
        "RiverName": "京杭大运河",
        "SectionCondition": "苏0浙省界",
        "PH": 7.06,
        "DO": 7.06,
        "CODMn": 7.06,
        "NH3N": 7.06,
        "WaterQualityCurrent": "Ⅲ",
        "WaterQualityLast": "Ⅲ",
        "MainPollutionIndex": "--",
        "Longitude": 120.7104433,
        "Latitude": 30.88004203,
        "PublishTime": "2016/11/23 0:00:00"
    },
    {
        "Year": 2016,
        "Week": 47,
        "RiverSystem": "太湖流域",
        "PointName": "嘉兴斜路港",
        "RiverName": "斜路港河",
        "SectionCondition": "苏0浙省界",
        "PH": 7.18,
        "DO": 7.18,
        "CODMn": 7.18,
        "NH3N": 7.18,
        "WaterQualityCurrent": "Ⅳ",
        "WaterQualityLast": "Ⅲ",
        "MainPollutionIndex": "溶解氧",
        "Longitude": 120.9673686,
        "Latitude": 30.91954731,
        "PublishTime": "2016/11/23 0:00:00"
    },
    {
        "Year": 2016,
        "Week": 47,
        "RiverSystem": "巢湖流域",
        "PointName": "合肥湖滨",
        "RiverName": "巢湖",
        "SectionCondition": "湖体（西半湖）",
        "PH": 6.88,
        "DO": 6.88,
        "CODMn": 6.88,
        "NH3N": 6.88,
        "WaterQualityCurrent": "Ⅲ",
        "WaterQualityLast": "Ⅲ",
        "MainPollutionIndex": "--",
        "Longitude": 117.4615043,
        "Latitude": 31.69035283,
        "PublishTime": "2016/11/23 0:00:00"
    },
    {
        "Year": 2016,
        "Week": 47,
        "RiverSystem": "巢湖流域",
        "PointName": "巢湖裕溪口",
        "RiverName": "巢湖",
        "SectionCondition": "湖体（东半湖）",
        "PH": 7.18,
        "DO": 7.18,
        "CODMn": 7.18,
        "NH3N": 7.18,
        "WaterQualityCurrent": "Ⅱ",
        "WaterQualityLast": "★",
        "MainPollutionIndex": "--",
        "Longitude": 118.2988932,
        "Latitude": 31.41576551,
        "PublishTime": "2016/11/23 0:00:00"
    },
    {
        "Year": 2016,
        "Week": 47,
        "RiverSystem": "滇池流域",
        "PointName": "昆明西苑隧道",
        "RiverName": "滇池草海",
        "SectionCondition": "湖体",
        "PH": 7.74,
        "DO": 7.74,
        "CODMn": 7.74,
        "NH3N": 7.74,
        "WaterQualityCurrent": "Ⅲ",
        "WaterQualityLast": "Ⅲ",
        "MainPollutionIndex": "--",
        "Longitude": 102.6493551,
        "Latitude": 24.96057372,
        "PublishTime": "2016/11/23 0:00:00"
    },
    {
        "Year": 2016,
        "Week": 47,
        "RiverSystem": "滇池流域",
        "PointName": "昆明观音山",
        "RiverName": "滇池外海",
        "SectionCondition": "湖体",
        "PH": 8.03,
        "DO": 8.03,
        "CODMn": 8.03,
        "NH3N": 8.03,
        "WaterQualityCurrent": "Ⅳ",
        "WaterQualityLast": "Ⅳ",
        "MainPollutionIndex": "高锰酸盐指数，溶解氧",
        "Longitude": 102.7186253,
        "Latitude": 24.65738713,
        "PublishTime": "2016/11/23 0:00:00"
    },
    {
        "Year": 2016,
        "Week": 47,
        "RiverSystem": "滇池流域",
        "PointName": "昆明罗家营",
        "RiverName": "滇池外海",
        "SectionCondition": "湖体",
        "PH": 9.08,
        "DO": 9.08,
        "CODMn": 9.08,
        "NH3N": 9.08,
        "WaterQualityCurrent": "劣Ⅴ",
        "WaterQualityLast": "Ⅳ",
        "MainPollutionIndex": "pH，高锰酸盐指数",
        "Longitude": 102.7748873,
        "Latitude": 25.30483539,
        "PublishTime": "2016/11/23 0:00:00"
    },
    {
        "Year": 2016,
        "Week": 47,
        "RiverSystem": "滇池流域",
        "PointName": "昆明滇池南",
        "RiverName": "滇池外海",
        "SectionCondition": "湖体",
        "PH": 9.14,
        "DO": 9.14,
        "CODMn": 9.14,
        "NH3N": 9.14,
        "WaterQualityCurrent": "劣Ⅴ",
        "WaterQualityLast": "劣Ⅴ",
        "MainPollutionIndex": "pH，高锰酸盐指数",
        "Longitude": 102.7145428,
        "Latitude": 24.8283389,
        "PublishTime": "2016/11/23 0:00:00"
    },
    {
        "Year": 2016,
        "Week": 47,
        "RiverSystem": "其他大型湖泊",
        "PointName": "益阳南嘴",
        "RiverName": "洞庭湖",
        "SectionCondition": "湖体",
        "PH": 7.41,
        "DO": 7.41,
        "CODMn": 7.41,
        "NH3N": 7.41,
        "WaterQualityCurrent": "Ⅱ",
        "WaterQualityLast": "Ⅱ",
        "MainPollutionIndex": "--",
        "Longitude": 112.3056504,
        "Latitude": 29.05043927,
        "PublishTime": "2016/11/23 0:00:00"
    },
    {
        "Year": 2016,
        "Week": 47,
        "RiverSystem": "其他大型湖泊",
        "PointName": "岳阳鹿角",
        "RiverName": "洞庭湖",
        "SectionCondition": "湖体",
        "PH": 6.79,
        "DO": 6.79,
        "CODMn": 6.79,
        "NH3N": 6.79,
        "WaterQualityCurrent": "Ⅱ",
        "WaterQualityLast": "Ⅱ",
        "MainPollutionIndex": "--",
        "Longitude": 113.0156773,
        "Latitude": 29.15651016,
        "PublishTime": "2016/11/23 0:00:00"
    },
    {
        "Year": 2016,
        "Week": 47,
        "RiverSystem": "其他大型湖泊",
        "PointName": "岳阳岳阳楼",
        "RiverName": "洞庭湖",
        "SectionCondition": "湖体（出口）",
        "PH": 6.78,
        "DO": 6.78,
        "CODMn": 6.78,
        "NH3N": 6.78,
        "WaterQualityCurrent": "Ⅱ",
        "WaterQualityLast": "Ⅱ",
        "MainPollutionIndex": "--",
        "Longitude": 113.1489794,
        "Latitude": 29.36142642,
        "PublishTime": "2016/11/23 0:00:00"
    },
    {
        "Year": 2016,
        "Week": 47,
        "RiverSystem": "其他大型湖泊",
        "PointName": "余干康山",
        "RiverName": "鄱阳湖",
        "SectionCondition": "湖体",
        "PH": 8.73,
        "DO": 8.73,
        "CODMn": 8.73,
        "NH3N": 8.73,
        "WaterQualityCurrent": "Ⅲ",
        "WaterQualityLast": "Ⅱ",
        "MainPollutionIndex": "--",
        "Longitude": 116.4366401,
        "Latitude": 28.87961216,
        "PublishTime": "2016/11/23 0:00:00"
    },
    {
        "Year": 2016,
        "Week": 47,
        "RiverSystem": "其他大型湖泊",
        "PointName": "九江都昌",
        "RiverName": "鄱阳湖",
        "SectionCondition": "湖体",
        "PH": 8.18,
        "DO": 8.18,
        "CODMn": 8.18,
        "NH3N": 8.18,
        "WaterQualityCurrent": "Ⅱ",
        "WaterQualityLast": "Ⅱ",
        "MainPollutionIndex": "--",
        "Longitude": 116.2040815,
        "Latitude": 29.27308996,
        "PublishTime": "2016/11/23 0:00:00"
    },
    {
        "Year": 2016,
        "Week": 47,
        "RiverSystem": "其他大型湖泊",
        "PointName": "九江蛤蟆石",
        "RiverName": "鄱阳湖",
        "SectionCondition": "湖体（出口）",
        "PH": 7.18,
        "DO": 7.18,
        "CODMn": 7.18,
        "NH3N": 7.18,
        "WaterQualityCurrent": "Ⅱ",
        "WaterQualityLast": "Ⅱ",
        "MainPollutionIndex": "--",
        "Longitude": 116.4607369,
        "Latitude": 29.85735611,
        "PublishTime": "2016/11/23 0:00:00"
    },
    {
        "Year": 2016,
        "Week": 47,
        "RiverSystem": "其他大型湖泊",
        "PointName": "鄂州七星",
        "RiverName": "梁子湖",
        "SectionCondition": "湖体（入长江前）",
        "PH": 8.59,
        "DO": 8.59,
        "CODMn": 8.59,
        "NH3N": 8.59,
        "WaterQualityCurrent": "Ⅲ",
        "WaterQualityLast": "Ⅲ",
        "MainPollutionIndex": "--",
        "Longitude": 114.5732953,
        "Latitude": 30.26321597,
        "PublishTime": "2016/11/23 0:00:00"
    },
    {
        "Year": 2016,
        "Week": 47,
        "RiverSystem": "其他大型湖泊",
        "PointName": "玉溪孤山",
        "RiverName": "抚仙湖",
        "SectionCondition": "湖体",
        "PH": 8.61,
        "DO": 8.61,
        "CODMn": 8.61,
        "NH3N": 8.61,
        "WaterQualityCurrent": "Ⅰ",
        "WaterQualityLast": "Ⅰ",
        "MainPollutionIndex": "--",
        "Longitude": 102.8337218,
        "Latitude": 24.40765254,
        "PublishTime": "2016/11/23 0:00:00"
    },
    {
        "Year": 2016,
        "Week": 47,
        "RiverSystem": "其他大型湖泊",
        "PointName": "大理小关邑",
        "RiverName": "洱海",
        "SectionCondition": "湖体",
        "PH": 8.6,
        "DO": 8.6,
        "CODMn": 8.6,
        "NH3N": 8.6,
        "WaterQualityCurrent": "Ⅱ",
        "WaterQualityLast": "Ⅲ",
        "MainPollutionIndex": "--",
        "Longitude": 100.2253651,
        "Latitude": 25.61925974,
        "PublishTime": "2016/11/23 0:00:00"
    },
    {
        "Year": 2016,
        "Week": 47,
        "RiverSystem": "其他大型湖泊",
        "PointName": "大理金河",
        "RiverName": "洱海",
        "SectionCondition": "湖体",
        "PH": 8.4,
        "DO": 8.4,
        "CODMn": 8.4,
        "NH3N": 8.4,
        "WaterQualityCurrent": "Ⅱ",
        "WaterQualityLast": "Ⅱ",
        "MainPollutionIndex": "--",
        "Longitude": 99.90436407,
        "Latitude": 26.03181058,
        "PublishTime": "2016/11/23 0:00:00"
    },
    {
        "Year": 2016,
        "Week": 47,
        "RiverSystem": "其他大型湖泊",
        "PointName": "鸡西档壁镇",
        "RiverName": "兴凯湖",
        "SectionCondition": "湖体",
        "PH": 6.21,
        "DO": 6.21,
        "CODMn": 6.21,
        "NH3N": 6.21,
        "WaterQualityCurrent": "Ⅱ",
        "WaterQualityLast": "Ⅱ",
        "MainPollutionIndex": "--",
        "Longitude": 132.009211,
        "Latitude": 45.282618,
        "PublishTime": "2016/11/23 0:00:00"
    },
    {
        "Year": 2016,
        "Week": 47,
        "RiverSystem": "其他大型湖泊",
        "PointName": "鸡西龙王庙",
        "RiverName": "兴凯湖",
        "SectionCondition": "湖体（出口）",
        "PH": 7.38,
        "DO": 7.38,
        "CODMn": 7.38,
        "NH3N": 7.38,
        "WaterQualityCurrent": "Ⅱ",
        "WaterQualityLast": "Ⅱ",
        "MainPollutionIndex": "--",
        "Longitude": 132.869507,
        "Latitude": 45.070902,
        "PublishTime": "2016/11/23 0:00:00"
    }
]
